expiry_label,underlying_tenor,value
1Y,3M,63.799999999999997
2Y,3M,87.400000000000006
3Y,3M,92.700000000000003
4Y,3M,93.799999999999997
5Y,3M,93.599999999999994
6Y,3M,93.099999999999994
7Y,3M,92.400000000000006
8Y,3M,91.599999999999994
9Y,3M,90.900000000000006
10Y,3M,90.200000000000003
12Y,3M,89
15Y,3M,88.099999999999994
20Y,3M,86.900000000000006
25Y,3M,85.799999999999997
30Y,3M,84.799999999999997
