Expiry,3M
1Y,139.5
2Y,130.80000000000001
3Y,119.59999999999999
4Y,111.09999999999999
5Y,105.09999999999999
6Y,101
7Y,98
8Y,95.799999999999997
9Y,94.099999999999994
10Y,92.5
12Y,90
15Y,87.299999999999997
20Y,84
25Y,81.200000000000003
30Y,78.5
