Expiry,3M
1Y,117.5
2Y,123.7
3Y,122.7
4Y,120
5Y,116.90000000000001
6Y,113.90000000000001
7Y,111.3
8Y,108.90000000000001
9Y,107.09999999999999
10Y,105.40000000000001
12Y,102.8
15Y,100.2
20Y,98
25Y,97
30Y,96.400000000000006
