Expiry,3M
1Y,143
2Y,133.59999999999999
3Y,121.90000000000001
4Y,112.8
5Y,106.40000000000001
6Y,102.09999999999999
7Y,99
8Y,96.700000000000003
9Y,95
10Y,93.299999999999997
12Y,90.700000000000003
15Y,87.900000000000006
20Y,84.5
25Y,81.5
30Y,78.700000000000003
