Expiry,3M
1Y,135.69999999999999
2Y,127.8
3Y,117.3
4Y,109.3
5Y,103.7
6Y,99.700000000000003
7Y,97
8Y,94.799999999999997
9Y,93.200000000000003
10Y,91.599999999999994
12Y,89.200000000000003
15Y,86.700000000000003
20Y,83.5
25Y,80.799999999999997
30Y,78.200000000000003
