Expiry,3M
1Y,112.2
2Y,110.5
3Y,104.3
4Y,99.599999999999994
5Y,96.099999999999994
6Y,93.5
7Y,91.5
8Y,89.799999999999997
9Y,88.5
10Y,87.200000000000003
12Y,85.299999999999997
15Y,83.400000000000006
20Y,81
25Y,79
30Y,77.200000000000003
