Expiry,3M
1Y,68.299999999999997
2Y,83.700000000000003
3Y,88.700000000000003
4Y,90.400000000000006
5Y,90.700000000000003
6Y,90.200000000000003
7Y,89.5
8Y,88.5
9Y,87.700000000000003
10Y,86.900000000000006
12Y,85.599999999999994
15Y,84.299999999999997
20Y,82.900000000000006
25Y,82
30Y,81.299999999999997
