Expiry,3M
1Y,100.8
2Y,102.90000000000001
3Y,99.200000000000003
4Y,96.099999999999994
5Y,93.5
6Y,91.5
7Y,89.799999999999997
8Y,88.299999999999997
9Y,87.099999999999994
10Y,86
12Y,84.299999999999997
15Y,82.599999999999994
20Y,80.5
25Y,78.799999999999997
30Y,77.299999999999997
