Expiry,3M
1Y,131.5
2Y,124.59999999999999
3Y,114.8
4Y,107.40000000000001
5Y,102.2
6Y,98.5
7Y,95.900000000000006
8Y,93.799999999999997
9Y,92.200000000000003
10Y,90.700000000000003
12Y,88.400000000000006
15Y,86
20Y,83
25Y,80.400000000000006
30Y,77.900000000000006
