Expiry,3M
1Y,90.700000000000003
2Y,101.3
3Y,103.8
4Y,103.7
5Y,102.5
6Y,100.90000000000001
7Y,99.400000000000006
8Y,97.700000000000003
9Y,96.5
10Y,95.200000000000003
12Y,93.200000000000003
15Y,91.299999999999997
20Y,89.599999999999994
25Y,88.700000000000003
30Y,88.099999999999994
