Expiry,3M
1Y,122.40000000000001
2Y,117.8
3Y,109.59999999999999
4Y,103.5
5Y,99.099999999999994
6Y,95.900000000000006
7Y,93.599999999999994
8Y,91.700000000000003
9Y,90.299999999999997
10Y,88.900000000000006
12Y,86.700000000000003
15Y,84.599999999999994
20Y,81.900000000000006
25Y,79.599999999999994
30Y,77.400000000000006
