Expiry,3M
1Y,87.5
2Y,94.900000000000006
3Y,94.200000000000003
4Y,92.900000000000006
5Y,91.400000000000006
6Y,90
7Y,88.700000000000003
8Y,87.400000000000006
9Y,86.400000000000006
10Y,85.299999999999997
12Y,83.799999999999997
15Y,82.299999999999997
20Y,80.5
25Y,79.200000000000003
30Y,78
