Expiry,3M
1Y,144.40000000000001
2Y,146.19999999999999
3Y,141.69999999999999
4Y,136.30000000000001
5Y,131.30000000000001
6Y,127
7Y,123.40000000000001
8Y,120.5
9Y,118.3
10Y,116.3
12Y,113.09999999999999
15Y,110
20Y,107.3
25Y,106.2
30Y,105.5
