expiry_label,underlying_tenor,value
1Y,3M,59.399999999999999
2Y,3M,83.799999999999997
3Y,3M,89.299999999999997
4Y,3M,91.200000000000003
5Y,3M,91.599999999999994
6Y,3M,91.299999999999997
7Y,3M,90.900000000000006
8Y,3M,90.299999999999997
9Y,3M,89.5
10Y,3M,89
12Y,3M,87.900000000000006
15Y,3M,87.099999999999994
20Y,3M,86
25Y,3M,85
30Y,3M,84
