expiry_label,underlying_tenor,value
3M,3M,75.742527056580869
6M,3M,83.526499270834805
9M,3M,93.746681654947082
1Y,3M,96.46667552043246
2Y,3M,103.09659082785217
3Y,3M,99.895211743920527
4Y,3M,95.552494952090456
5Y,3M,93.794494012084186
6Y,3M,91.622618340670655
7Y,3M,89.148792209182673
8Y,3M,87.65794435059945
9Y,3M,86.365037134829322
10Y,3M,85.704294211930616
12Y,3M,86.491996308552785
15Y,3M,84.81472056882231
20Y,3M,81.145651292019238
25Y,3M,78.684147326633592
30Y,3M,77.692253129046009
