Expiry,3M
1Y,74.099999999999994
2Y,92
3Y,94.200000000000003
4Y,93.200000000000003
5Y,92.200000000000003
6Y,91.200000000000003
7Y,90.099999999999994
8Y,89
9Y,88
10Y,87
12Y,85.5
15Y,84.200000000000003
20Y,82.599999999999994
25Y,81.200000000000003
30Y,80
