Expiry,3M
1Y,89.099999999999994
2Y,102.09999999999999
3Y,99.700000000000003
4Y,96.099999999999994
5Y,94
6Y,92.599999999999994
7Y,91.200000000000003
8Y,89.799999999999997
9Y,88.700000000000003
10Y,87.5
12Y,85.900000000000006
15Y,84.400000000000006
20Y,82.5
25Y,80.900000000000006
30Y,79.400000000000006
