Expiry,3M
1Y,138.30000000000001
2Y,136.40000000000001
3Y,119.59999999999999
4Y,107.5
5Y,102.40000000000001
6Y,100.2
7Y,98.200000000000003
8Y,96.299999999999997
9Y,94.700000000000003
10Y,93.099999999999994
12Y,90.799999999999997
15Y,88.700000000000003
20Y,85.700000000000003
25Y,83
30Y,80.299999999999997
