Expiry,3M
1Y,127.59999999999999
2Y,128.90000000000001
3Y,115.09999999999999
4Y,104.8
5Y,100.3
6Y,98.200000000000003
7Y,96.299999999999997
8Y,94.5
9Y,93
10Y,91.5
12Y,89.400000000000006
15Y,87.400000000000006
20Y,84.700000000000003
25Y,82.200000000000003
30Y,79.799999999999997
