Expiry,3M
1Y,133.09999999999999
2Y,132.80000000000001
3Y,117.40000000000001
4Y,106.2
5Y,101.40000000000001
6Y,99.200000000000003
7Y,97.299999999999997
8Y,95.400000000000006
9Y,93.799999999999997
10Y,92.299999999999997
12Y,90.099999999999994
15Y,88.099999999999994
20Y,85.200000000000003
25Y,82.599999999999994
30Y,80.099999999999994
