Expiry,3M
1Y,68.299999999999997
2Y,87.200000000000003
3Y,91.900000000000006
4Y,93.200000000000003
5Y,93.200000000000003
6Y,92.5
7Y,91.700000000000003
8Y,90.700000000000003
9Y,89.700000000000003
10Y,88.799999999999997
12Y,87.299999999999997
15Y,85.900000000000006
20Y,84.5
25Y,83.599999999999994
30Y,82.799999999999997
