Expiry,3M
1Y,142.09999999999999
2Y,140.09999999999999
3Y,121.40000000000001
4Y,108.8
5Y,103.3
6Y,100.8
7Y,98.700000000000003
8Y,96.799999999999997
9Y,95
10Y,93.5
12Y,91
15Y,88.700000000000003
20Y,85.799999999999997
25Y,83
30Y,80.200000000000003
