Expiry,3M
1Y,114.8
2Y,120.90000000000001
3Y,109.59999999999999
4Y,101.8
5Y,97.900000000000006
6Y,95.700000000000003
7Y,94
8Y,92.299999999999997
9Y,90.799999999999997
10Y,89.5
12Y,87.5
15Y,85.599999999999994
20Y,83.299999999999997
25Y,81.099999999999994
30Y,78.900000000000006
