Expiry,3M
1Y,126.59999999999999
2Y,129.19999999999999
3Y,114.7
4Y,104.8
5Y,100.2
6Y,97.799999999999997
7Y,95.900000000000006
8Y,94.200000000000003
9Y,92.5
10Y,91.200000000000003
12Y,88.900000000000006
15Y,86.900000000000006
20Y,84.299999999999997
25Y,81.799999999999997
30Y,79.400000000000006
