Expiry,3M
1Y,87.900000000000006
2Y,102.09999999999999
3Y,99
4Y,95.799999999999997
5Y,93.599999999999994
6Y,92
7Y,90.599999999999994
8Y,89.299999999999997
9Y,88
10Y,87
12Y,85.299999999999997
15Y,83.700000000000003
20Y,82
25Y,80.299999999999997
30Y,78.799999999999997
