Expiry,3M
1Y,101.90000000000001
2Y,111.8
3Y,104.40000000000001
4Y,98.799999999999997
5Y,95.700000000000003
6Y,93.700000000000003
7Y,92.099999999999994
8Y,90.599999999999994
9Y,89.200000000000003
10Y,88.099999999999994
12Y,86.200000000000003
15Y,84.5
20Y,82.5
25Y,80.5
30Y,78.700000000000003
