Expiry,3M
1Y,159
2Y,150.09999999999999
3Y,136.80000000000001
4Y,128.40000000000001
5Y,123.3
6Y,119.5
7Y,116.3
8Y,113.59999999999999
9Y,111.09999999999999
10Y,109.2
12Y,105.90000000000001
15Y,102.8
20Y,100.09999999999999
25Y,98.799999999999997
30Y,98.099999999999994
