expiry_label,underlying_tenor,value
1Y,3M,66.900000000000006
2Y,3M,82.700000000000003
3Y,3M,87.5
4Y,3M,89.099999999999994
5Y,3M,89.400000000000006
6Y,3M,89
7Y,3M,88.400000000000006
8Y,3M,87.599999999999994
9Y,3M,87
10Y,3M,86.299999999999997
12Y,3M,85.299999999999997
15Y,3M,84.5
20Y,3M,83.400000000000006
25Y,3M,82.5
30Y,3M,81.700000000000003
