expiry_label,underlying_tenor,value
3M,3M,74.736431311911048
6M,3M,82.566642749358053
9M,3M,93.125814109721588
1Y,3M,96.455538239262893
2Y,3M,105.53710873807958
3Y,3M,101.26394588592458
4Y,3M,95.868202792146704
5Y,3M,93.433949170595298
6Y,3M,91.352282961862073
7Y,3M,89.129387350014071
8Y,3M,87.926545005375516
9Y,3M,86.853197406864808
10Y,3M,85.493239784192426
12Y,3M,85.80174312717908
15Y,3M,84.922919248587135
20Y,3M,81.019614095568443
25Y,3M,78.658508911897542
30Y,3M,77.62810555657957
