Expiry,3M
1Y,115.90000000000001
2Y,120.59999999999999
3Y,110.09999999999999
4Y,101.90000000000001
5Y,98.099999999999994
6Y,96.099999999999994
7Y,94.400000000000006
8Y,92.700000000000003
9Y,91.299999999999997
10Y,89.900000000000006
12Y,88
15Y,86.200000000000003
20Y,83.799999999999997
25Y,81.5
30Y,79.400000000000006
