Expiry,3M
1Y,205
2Y,182.40000000000001
3Y,161.40000000000001
4Y,147.30000000000001
5Y,139.80000000000001
6Y,134.90000000000001
7Y,130.59999999999999
8Y,127
9Y,124.2
10Y,121.59999999999999
12Y,117.59999999999999
15Y,113.8
20Y,110.40000000000001
25Y,108.90000000000001
30Y,108
