Expiry,3M
1Y,143.09999999999999
2Y,139.69999999999999
3Y,121.59999999999999
4Y,108.7
5Y,103.3
6Y,101.09999999999999
7Y,99.099999999999994
8Y,97.099999999999994
9Y,95.400000000000006
10Y,93.799999999999997
12Y,91.5
15Y,89.200000000000003
20Y,86.200000000000003
25Y,83.299999999999997
30Y,80.599999999999994
