Expiry,3M
1Y,164.40000000000001
2Y,152.40000000000001
3Y,139.19999999999999
4Y,129.90000000000001
5Y,124.7
6Y,121
7Y,117.5
8Y,114.7
9Y,112.3
10Y,110.2
12Y,107
15Y,103.8
20Y,101.09999999999999
25Y,99.700000000000003
30Y,98.900000000000006
