Expiry,3M
1Y,103
2Y,111.59999999999999
3Y,105
4Y,99
5Y,96
6Y,94.200000000000003
7Y,92.599999999999994
8Y,91.099999999999994
9Y,89.799999999999997
10Y,88.5
12Y,86.799999999999997
15Y,85.099999999999994
20Y,83
25Y,81
30Y,79.200000000000003
