Expiry,3M
1Y,121.2
2Y,121.2
3Y,116.5
4Y,112.3
5Y,109.5
6Y,107.09999999999999
7Y,104.8
8Y,102.8
9Y,101.09999999999999
10Y,99.5
12Y,97
15Y,94.700000000000003
20Y,92.5
25Y,91.400000000000006
30Y,90.599999999999994
