Expiry,3M
1Y,74.5
2Y,90
3Y,94.299999999999997
4Y,94.900000000000006
5Y,94.599999999999994
6Y,94
7Y,93
8Y,91.900000000000006
9Y,90.900000000000006
10Y,89.900000000000006
12Y,88.400000000000006
15Y,87
20Y,85.400000000000006
25Y,84.400000000000006
30Y,83.599999999999994
