expiry_label,underlying_tenor,value
3M,3M,73.445243926121137
6M,3M,80.392931544774015
9M,3M,89.926706722263987
1Y,3M,91.673705169254617
2Y,3M,98.05304052899892
3Y,3M,95.628474998861847
4Y,3M,92.680910014231159
5Y,3M,90.362696832517898
6Y,3M,87.897005667629628
7Y,3M,85.874409227186021
8Y,3M,84.570917023255063
9Y,3M,83.950663563307941
10Y,3M,82.454213450556892
12Y,3M,83.492508539412469
15Y,3M,82.286106068166717
20Y,3M,78.903556857306427
25Y,3M,77.103780369597288
30Y,3M,75.36926978536458
