Expiry,3M
1Y,118.7
2Y,124.8
3Y,113.40000000000001
4Y,104.59999999999999
5Y,100.09999999999999
6Y,97.700000000000003
7Y,95.799999999999997
8Y,94.099999999999994
9Y,92.5
10Y,91.099999999999994
12Y,88.900000000000006
15Y,86.900000000000006
20Y,84.5
25Y,82.200000000000003
30Y,80
