Expiry,3M
1Y,162.30000000000001
2Y,152.30000000000001
3Y,139.30000000000001
4Y,130.40000000000001
5Y,125
6Y,121
7Y,117.7
8Y,114.8
9Y,112.40000000000001
10Y,110.3
12Y,107
15Y,103.90000000000001
20Y,101.09999999999999
25Y,99.799999999999997
30Y,99.099999999999994
