Expiry,3M
1Y,141
2Y,140.69999999999999
3Y,123
4Y,110.2
5Y,104.40000000000001
6Y,101.8
7Y,99.599999999999994
8Y,97.700000000000003
9Y,95.900000000000006
10Y,94.200000000000003
12Y,91.700000000000003
15Y,89.400000000000006
20Y,86.5
25Y,83.599999999999994
30Y,80.900000000000006
