Expiry,3M
1Y,203.09999999999999
2Y,182.69999999999999
3Y,161.80000000000001
4Y,147.90000000000001
5Y,140.19999999999999
6Y,135
7Y,130.69999999999999
8Y,127.09999999999999
9Y,124.09999999999999
10Y,121.59999999999999
12Y,117.59999999999999
15Y,113.8
20Y,110.40000000000001
25Y,109
30Y,108.09999999999999
