Expiry,3M
1Y,76.200000000000003
2Y,95.400000000000006
3Y,96.900000000000006
4Y,95.5
5Y,94
6Y,92.700000000000003
7Y,91.400000000000006
8Y,90.200000000000003
9Y,89
10Y,88
12Y,86.299999999999997
15Y,84.900000000000006
20Y,83.200000000000003
25Y,81.799999999999997
30Y,80.599999999999994
