Expiry,3M
1Y,91.799999999999997
2Y,106
3Y,102.7
4Y,98.599999999999994
5Y,96
6Y,94.099999999999994
7Y,92.599999999999994
8Y,91.099999999999994
9Y,89.799999999999997
10Y,88.599999999999994
12Y,86.799999999999997
15Y,85.200000000000003
20Y,83.200000000000003
25Y,81.5
30Y,79.900000000000006
