Expiry,3M
1Y,105.90000000000001
2Y,115.8
3Y,108.2
4Y,101.59999999999999
5Y,98
6Y,95.799999999999997
7Y,94.099999999999994
8Y,92.5
9Y,91
10Y,89.700000000000003
12Y,87.700000000000003
15Y,85.900000000000006
20Y,83.700000000000003
25Y,81.700000000000003
30Y,79.799999999999997
