Expiry,3M
1Y,135.90000000000001
2Y,137
3Y,120.8
4Y,108.90000000000001
5Y,103.40000000000001
6Y,100.8
7Y,98.700000000000003
8Y,96.799999999999997
9Y,95
10Y,93.5
12Y,91
15Y,88.799999999999997
20Y,86
25Y,83.299999999999997
30Y,80.700000000000003
