Expiry,3M
1Y,71.900000000000006
2Y,89.900000000000006
3Y,94.700000000000003
4Y,95.599999999999994
5Y,95.200000000000003
6Y,94.400000000000006
7Y,93.400000000000006
8Y,92.299999999999997
9Y,91.200000000000003
10Y,90.200000000000003
12Y,88.700000000000003
15Y,87.200000000000003
20Y,85.700000000000003
25Y,84.700000000000003
30Y,83.900000000000006
