expiry_label,underlying_tenor,value
1Y,3M,66
2Y,3M,86.299999999999997
3Y,3M,91.400000000000006
4Y,3M,92.599999999999994
5Y,3M,92.700000000000003
6Y,3M,92.5
7Y,3M,91.900000000000006
8Y,3M,91.200000000000003
9Y,3M,90.5
10Y,3M,89.799999999999997
12Y,3M,88.799999999999997
15Y,3M,88
20Y,3M,86.799999999999997
25Y,3M,85.700000000000003
30Y,3M,84.700000000000003
