expiry_label,underlying_tenor,value
3M,3M,70.678840297735647
6M,3M,77.649787439752572
9M,3M,88.250906311610862
1Y,3M,91.664400573461648
2Y,3M,102.53627599038607
3Y,3M,99.471308056775783
4Y,3M,95.280932397990298
5Y,3M,92.749724815251128
6Y,3M,90.716364885364442
7Y,3M,88.915139125813369
8Y,3M,86.693780896517779
9Y,3M,85.790587562132913
10Y,3M,85.349182457682844
12Y,3M,84.933209157852446
15Y,3M,84.304003586404832
20Y,3M,80.610888119316144
25Y,3M,78.556127851382641
30Y,3M,76.413430238300748
