expiry_label,underlying_tenor,value
1Y,3M,65.400000000000006
2Y,3M,88.299999999999997
3Y,3M,93.5
4Y,3M,94.599999999999994
5Y,3M,94.400000000000006
6Y,3M,93.900000000000006
7Y,3M,93.200000000000003
8Y,3M,92.400000000000006
9Y,3M,91.599999999999994
10Y,3M,90.900000000000006
12Y,3M,89.700000000000003
15Y,3M,88.700000000000003
20Y,3M,87.5
25Y,3M,86.400000000000006
30Y,3M,85.400000000000006
