Expiry,3M
1Y,75
2Y,94.5
3Y,96.099999999999994
4Y,94.799999999999997
5Y,93.299999999999997
6Y,91.900000000000006
7Y,90.700000000000003
8Y,89.5
9Y,88.400000000000006
10Y,87.299999999999997
12Y,85.700000000000003
15Y,84.299999999999997
20Y,82.700000000000003
25Y,81.299999999999997
30Y,80
