Expiry,3M
1Y,145
2Y,143.09999999999999
3Y,124.3
4Y,110.7
5Y,104.59999999999999
6Y,101.90000000000001
7Y,99.700000000000003
8Y,97.700000000000003
9Y,96
10Y,94.299999999999997
12Y,91.799999999999997
15Y,89.400000000000006
20Y,86.299999999999997
25Y,83.400000000000006
30Y,80.599999999999994
