Expiry,3M
1Y,135
2Y,136.09999999999999
3Y,120.09999999999999
4Y,108.2
5Y,102.59999999999999
6Y,100.09999999999999
7Y,97.900000000000006
8Y,96
9Y,94.400000000000006
10Y,92.799999999999997
12Y,90.400000000000006
15Y,88.200000000000003
20Y,85.400000000000006
25Y,82.700000000000003
30Y,80.099999999999994
