Expiry,3M
1Y,71.200000000000003
2Y,89.599999999999994
3Y,94.299999999999997
4Y,95.099999999999994
5Y,94.700000000000003
6Y,93.799999999999997
7Y,92.799999999999997
8Y,91.700000000000003
9Y,90.700000000000003
10Y,89.700000000000003
12Y,88.200000000000003
15Y,86.799999999999997
20Y,85.299999999999997
25Y,84.299999999999997
30Y,83.5
