Expiry,3M
1Y,90.599999999999994
2Y,105.09999999999999
3Y,102
4Y,97.900000000000006
5Y,95.200000000000003
6Y,93.400000000000006
7Y,91.799999999999997
8Y,90.400000000000006
9Y,89.099999999999994
10Y,87.900000000000006
12Y,86.099999999999994
15Y,84.599999999999994
20Y,82.700000000000003
25Y,80.900000000000006
30Y,79.400000000000006
