Expiry,3M
1Y,117.7
2Y,123.90000000000001
3Y,112.7
4Y,103.8
5Y,99.400000000000006
6Y,97
7Y,95
8Y,93.299999999999997
9Y,91.799999999999997
10Y,90.400000000000006
12Y,88.299999999999997
15Y,86.400000000000006
20Y,83.900000000000006
25Y,81.599999999999994
30Y,79.400000000000006
