Expiry,3M
1Y,202.80000000000001
2Y,182.69999999999999
3Y,161.59999999999999
4Y,147.69999999999999
5Y,139.90000000000001
6Y,134.59999999999999
7Y,130.19999999999999
8Y,126.59999999999999
9Y,123.8
10Y,121.3
12Y,117.3
15Y,113.40000000000001
20Y,110.09999999999999
25Y,108.7
30Y,107.8
