Expiry,3M
1Y,104.7
2Y,114.8
3Y,107.40000000000001
4Y,100.90000000000001
5Y,97.200000000000003
6Y,95.099999999999994
7Y,93.299999999999997
8Y,91.700000000000003
9Y,90.299999999999997
10Y,89
12Y,87
15Y,85.299999999999997
20Y,83.099999999999994
25Y,81.099999999999994
30Y,79.200000000000003
