Expiry,3M
1Y,129.5
2Y,132.30000000000001
3Y,117.7
4Y,106.8
5Y,101.59999999999999
6Y,99.099999999999994
7Y,97
8Y,95.099999999999994
9Y,93.5
10Y,92
12Y,89.700000000000003
15Y,87.599999999999994
20Y,84.900000000000006
25Y,82.299999999999997
30Y,79.900000000000006
