Expiry,3M
1Y,118.40000000000001
2Y,120.8
3Y,116.40000000000001
4Y,112.40000000000001
5Y,109.40000000000001
6Y,106.8
7Y,104.5
8Y,102.5
9Y,100.8
10Y,99.200000000000003
12Y,96.700000000000003
15Y,94.400000000000006
20Y,92.299999999999997
25Y,91.200000000000003
30Y,90.400000000000006
