Expiry,3M
1Y,140.19999999999999
2Y,139.80000000000001
3Y,122.3
4Y,109.5
5Y,103.59999999999999
6Y,101.09999999999999
7Y,98.900000000000006
8Y,96.900000000000006
9Y,95.200000000000003
10Y,93.599999999999994
12Y,91.099999999999994
15Y,88.799999999999997
20Y,85.900000000000006
25Y,83.099999999999994
30Y,80.400000000000006
