Expiry,3M
1Y,162
2Y,152.30000000000001
3Y,139.19999999999999
4Y,130.19999999999999
5Y,124.7
6Y,120.59999999999999
7Y,117.2
8Y,114.3
9Y,112
10Y,109.90000000000001
12Y,106.59999999999999
15Y,103.5
20Y,100.8
25Y,99.5
30Y,98.700000000000003
