expiry_label,underlying_tenor,value
3M,3M,75.762625974471106
6M,3M,83.844910796092265
9M,3M,94.639281505075147
1Y,3M,97.709769884644714
2Y,3M,106.00790444369083
3Y,3M,102.00872140972749
4Y,3M,96.711597332531426
5Y,3M,94.192203454454656
6Y,3M,92.187598527611641
7Y,3M,89.959913239585703
8Y,3M,88.268147213285957
9Y,3M,87.178318931881364
10Y,3M,86.381459815574203
12Y,3M,86.196379792236087
15Y,3M,85.187118593497345
20Y,3M,81.813535084987535
25Y,3M,78.983592308687207
30Y,3M,78.349623196205485
