Expiry,3M
1Y,72.400000000000006
2Y,91.700000000000003
3Y,93.299999999999997
4Y,92.700000000000003
5Y,91.599999999999994
6Y,90.5
7Y,89.400000000000006
8Y,88.400000000000006
9Y,87.200000000000003
10Y,86.400000000000006
12Y,84.799999999999997
15Y,83.5
20Y,81.900000000000006
25Y,80.599999999999994
30Y,79.400000000000006
