Expiry,3M
1Y,199.19999999999999
2Y,180.09999999999999
3Y,158.90000000000001
4Y,145.80000000000001
5Y,138.40000000000001
6Y,133.40000000000001
7Y,129.30000000000001
8Y,125.90000000000001
9Y,122.90000000000001
10Y,120.59999999999999
12Y,116.59999999999999
15Y,112.7
20Y,109.40000000000001
25Y,108
30Y,107.09999999999999
