Expiry,3M
1Y,116
2Y,118.90000000000001
3Y,114.3
4Y,110.8
5Y,108.09999999999999
6Y,105.7
7Y,103.59999999999999
8Y,101.7
9Y,99.900000000000006
10Y,98.5
12Y,96
15Y,93.700000000000003
20Y,91.599999999999994
25Y,90.5
30Y,89.799999999999997
