Expiry,3M
1Y,137.19999999999999
2Y,136.69999999999999
3Y,119.3
4Y,107.59999999999999
5Y,102.3
6Y,99.900000000000006
7Y,97.900000000000006
8Y,96
9Y,94.200000000000003
10Y,92.799999999999997
12Y,90.400000000000006
15Y,88.200000000000003
20Y,85.299999999999997
25Y,82.599999999999994
30Y,80
