Expiry,3M
1Y,145.80000000000001
2Y,144
3Y,125.09999999999999
4Y,111.40000000000001
5Y,105.3
6Y,102.7
7Y,100.5
8Y,98.5
9Y,96.599999999999994
10Y,94.900000000000006
12Y,92.400000000000006
15Y,89.900000000000006
20Y,86.900000000000006
25Y,83.900000000000006
30Y,81.099999999999994
