Expiry,3M
1Y,118.7
2Y,120.8
3Y,116.5
4Y,112.7
5Y,109.7
6Y,107.3
7Y,105
8Y,103
9Y,101.09999999999999
10Y,99.599999999999994
12Y,97.099999999999994
15Y,94.799999999999997
20Y,92.700000000000003
25Y,91.5
30Y,90.799999999999997
