Expiry,3M
1Y,130.40000000000001
2Y,133.19999999999999
3Y,118.5
4Y,107.5
5Y,102.3
6Y,99.799999999999997
7Y,97.799999999999997
8Y,95.900000000000006
9Y,94.200000000000003
10Y,92.700000000000003
12Y,90.299999999999997
15Y,88.200000000000003
20Y,85.5
25Y,82.900000000000006
30Y,80.400000000000006
